,Combined_Key,date,cases
0,"Jackson, Missouri, US",2020-02-01,0
1,"Jackson, Missouri, US",2020-02-02,0
2,"Jackson, Missouri, US",2020-02-03,0
3,"Jackson, Missouri, US",2020-02-04,0
4,"Jackson, Missouri, US",2020-02-05,0
5,"Jackson, Missouri, US",2020-02-06,0
6,"Jackson, Missouri, US",2020-02-07,0
7,"Jackson, Missouri, US",2020-02-08,0
8,"Jackson, Missouri, US",2020-02-09,0
9,"Jackson, Missouri, US",2020-02-10,0
10,"Jackson, Missouri, US",2020-02-11,0
11,"Jackson, Missouri, US",2020-02-12,0
12,"Jackson, Missouri, US",2020-02-13,0
13,"Jackson, Missouri, US",2020-02-14,0
14,"Jackson, Missouri, US",2020-02-15,0
15,"Jackson, Missouri, US",2020-02-16,0
16,"Jackson, Missouri, US",2020-02-17,0
17,"Jackson, Missouri, US",2020-02-18,0
18,"Jackson, Missouri, US",2020-02-19,0
19,"Jackson, Missouri, US",2020-02-20,0
20,"Jackson, Missouri, US",2020-02-21,0
21,"Jackson, Missouri, US",2020-02-22,0
22,"Jackson, Missouri, US",2020-02-23,0
23,"Jackson, Missouri, US",2020-02-24,0
24,"Jackson, Missouri, US",2020-02-25,0
25,"Jackson, Missouri, US",2020-02-26,0
26,"Jackson, Missouri, US",2020-02-27,0
27,"Jackson, Missouri, US",2020-02-28,0
28,"Jackson, Missouri, US",2020-02-29,0
29,"Jackson, Missouri, US",2020-03-01,0
30,"Jackson, Missouri, US",2020-03-02,0
31,"Jackson, Missouri, US",2020-03-03,0
32,"Jackson, Missouri, US",2020-03-04,0
33,"Jackson, Missouri, US",2020-03-05,0
34,"Jackson, Missouri, US",2020-03-06,0
35,"Jackson, Missouri, US",2020-03-07,0
36,"Jackson, Missouri, US",2020-03-08,0
37,"Jackson, Missouri, US",2020-03-09,0
38,"Jackson, Missouri, US",2020-03-10,0
39,"Jackson, Missouri, US",2020-03-11,0
40,"Jackson, Missouri, US",2020-03-12,0
41,"Jackson, Missouri, US",2020-03-13,0
42,"Jackson, Missouri, US",2020-03-14,0
43,"Jackson, Missouri, US",2020-03-15,0
44,"Jackson, Missouri, US",2020-03-16,0
45,"Jackson, Missouri, US",2020-03-17,1
46,"Jackson, Missouri, US",2020-03-18,3
47,"Jackson, Missouri, US",2020-03-19,3
48,"Jackson, Missouri, US",2020-03-20,8
49,"Jackson, Missouri, US",2020-03-21,8
50,"Jackson, Missouri, US",2020-03-22,8
51,"Jackson, Missouri, US",2020-03-23,10
52,"Jackson, Missouri, US",2020-03-24,14
53,"Jackson, Missouri, US",2020-03-25,17
54,"Jackson, Missouri, US",2020-03-26,31
55,"Jackson, Missouri, US",2020-03-27,41
56,"Jackson, Missouri, US",2020-03-28,43
57,"Jackson, Missouri, US",2020-03-29,48
58,"Jackson, Missouri, US",2020-03-30,56
59,"Jackson, Missouri, US",2020-03-31,77
60,"Jackson, Missouri, US",2020-04-01,86
61,"Jackson, Missouri, US",2020-04-02,103
62,"Jackson, Missouri, US",2020-04-03,103
63,"Jackson, Missouri, US",2020-04-04,135
64,"Jackson, Missouri, US",2020-04-05,135
65,"Jackson, Missouri, US",2020-04-06,155
66,"Jackson, Missouri, US",2020-04-07,162
67,"Jackson, Missouri, US",2020-04-08,162
68,"Jackson, Missouri, US",2020-04-09,167
69,"Jackson, Missouri, US",2020-04-10,199
70,"Jackson, Missouri, US",2020-04-11,217
71,"Jackson, Missouri, US",2020-04-12,225
72,"Jackson, Missouri, US",2020-04-13,225
73,"Jackson, Missouri, US",2020-04-14,237
74,"Jackson, Missouri, US",2020-04-15,237
75,"Jackson, Missouri, US",2020-04-16,260
76,"Jackson, Missouri, US",2020-04-17,267
77,"Jackson, Missouri, US",2020-04-18,268
78,"Jackson, Missouri, US",2020-04-19,268
79,"Jackson, Missouri, US",2020-04-20,271
80,"Jackson, Missouri, US",2020-04-21,279
81,"Jackson, Missouri, US",2020-04-22,288
82,"Jackson, Missouri, US",2020-04-23,287
83,"Jackson, Missouri, US",2020-04-24,300
84,"Jackson, Missouri, US",2020-04-25,303
85,"Jackson, Missouri, US",2020-04-26,307
86,"Jackson, Missouri, US",2020-04-27,309
87,"Jackson, Missouri, US",2020-04-28,309
88,"Jackson, Missouri, US",2020-04-29,313
89,"Jackson, Missouri, US",2020-04-30,315
90,"Jackson, Missouri, US",2020-05-01,328
91,"Jackson, Missouri, US",2020-05-02,339
92,"Jackson, Missouri, US",2020-05-03,342
93,"Jackson, Missouri, US",2020-05-04,335
94,"Jackson, Missouri, US",2020-05-05,347
95,"Jackson, Missouri, US",2020-05-06,362
96,"Jackson, Missouri, US",2020-05-07,373
97,"Jackson, Missouri, US",2020-05-08,380
98,"Jackson, Missouri, US",2020-05-09,390
99,"Jackson, Missouri, US",2020-05-10,398
100,"Jackson, Missouri, US",2020-05-11,388
101,"Jackson, Missouri, US",2020-05-12,402
102,"Jackson, Missouri, US",2020-05-13,401
103,"Jackson, Missouri, US",2020-05-14,395
104,"Jackson, Missouri, US",2020-05-15,425
105,"Jackson, Missouri, US",2020-05-16,432
106,"Jackson, Missouri, US",2020-05-17,446
107,"Jackson, Missouri, US",2020-05-18,454
108,"Jackson, Missouri, US",2020-05-19,457
109,"Jackson, Missouri, US",2020-05-20,457
110,"Jackson, Missouri, US",2020-05-21,469
111,"Jackson, Missouri, US",2020-05-22,485
112,"Jackson, Missouri, US",2020-05-23,495
113,"Jackson, Missouri, US",2020-05-24,517
114,"Jackson, Missouri, US",2020-05-25,520
115,"Jackson, Missouri, US",2020-05-26,528
116,"Jackson, Missouri, US",2020-05-27,515
117,"Jackson, Missouri, US",2020-05-28,554
118,"Jackson, Missouri, US",2020-05-29,560
119,"Jackson, Missouri, US",2020-05-30,570
120,"Jackson, Missouri, US",2020-05-31,596
121,"Jackson, Missouri, US",2020-06-01,613
122,"Jackson, Missouri, US",2020-06-02,637
123,"Jackson, Missouri, US",2020-06-03,656
124,"Jackson, Missouri, US",2020-06-04,676
125,"Jackson, Missouri, US",2020-06-05,686
126,"Jackson, Missouri, US",2020-06-06,696
127,"Jackson, Missouri, US",2020-06-07,702
128,"Jackson, Missouri, US",2020-06-08,716
129,"Jackson, Missouri, US",2020-06-09,727
130,"Jackson, Missouri, US",2020-06-10,752
131,"Jackson, Missouri, US",2020-06-11,782
132,"Jackson, Missouri, US",2020-06-12,791
133,"Jackson, Missouri, US",2020-06-13,819
134,"Jackson, Missouri, US",2020-06-14,819
135,"Jackson, Missouri, US",2020-06-15,865
136,"Jackson, Missouri, US",2020-06-16,889
137,"Jackson, Missouri, US",2020-06-17,916
138,"Jackson, Missouri, US",2020-06-18,933
139,"Jackson, Missouri, US",2020-06-19,976
140,"Jackson, Missouri, US",2020-06-20,1016
141,"Jackson, Missouri, US",2020-06-21,1018
142,"Jackson, Missouri, US",2020-06-22,1030
143,"Jackson, Missouri, US",2020-06-23,1054
144,"Jackson, Missouri, US",2020-06-24,1076
145,"Jackson, Missouri, US",2020-06-25,1074
146,"Jackson, Missouri, US",2020-06-26,1103
147,"Jackson, Missouri, US",2020-06-27,1126
148,"Jackson, Missouri, US",2020-06-28,1149
149,"Jackson, Missouri, US",2020-06-29,1172
150,"Jackson, Missouri, US",2020-06-30,1210
151,"Jackson, Missouri, US",2020-07-01,1226
152,"Jackson, Missouri, US",2020-07-02,1247
153,"Jackson, Missouri, US",2020-07-03,1289
154,"Jackson, Missouri, US",2020-07-04,1318
155,"Jackson, Missouri, US",2020-07-05,1329
156,"Jackson, Missouri, US",2020-07-06,1359
157,"Jackson, Missouri, US",2020-07-07,1397
158,"Jackson, Missouri, US",2020-07-08,1438
159,"Jackson, Missouri, US",2020-07-09,1490
160,"Jackson, Missouri, US",2020-07-10,1543
161,"Jackson, Missouri, US",2020-07-11,1558
162,"Jackson, Missouri, US",2020-07-12,1586
163,"Jackson, Missouri, US",2020-07-13,1610
164,"Jackson, Missouri, US",2020-07-14,1646
165,"Jackson, Missouri, US",2020-07-15,1681
166,"Jackson, Missouri, US",2020-07-16,1704
167,"Jackson, Missouri, US",2020-07-17,1750
168,"Jackson, Missouri, US",2020-07-18,1810
169,"Jackson, Missouri, US",2020-07-19,1912
170,"Jackson, Missouri, US",2020-07-20,1954
171,"Jackson, Missouri, US",2020-07-21,1988
172,"Jackson, Missouri, US",2020-07-22,2115
173,"Jackson, Missouri, US",2020-07-23,2233
174,"Jackson, Missouri, US",2020-07-24,2332
175,"Jackson, Missouri, US",2020-07-25,2433
176,"Jackson, Missouri, US",2020-07-26,2507
177,"Jackson, Missouri, US",2020-07-27,2591
178,"Jackson, Missouri, US",2020-07-28,2795
179,"Jackson, Missouri, US",2020-07-29,2957
180,"Jackson, Missouri, US",2020-07-30,3189
181,"Jackson, Missouri, US",2020-07-31,3320
182,"Jackson, Missouri, US",2020-08-01,3396
183,"Jackson, Missouri, US",2020-08-02,3450
184,"Jackson, Missouri, US",2020-08-03,3537
185,"Jackson, Missouri, US",2020-08-04,3639
186,"Jackson, Missouri, US",2020-08-05,3713
187,"Jackson, Missouri, US",2020-08-06,3810
188,"Jackson, Missouri, US",2020-08-07,3909
189,"Jackson, Missouri, US",2020-08-08,3909
190,"Jackson, Missouri, US",2020-08-09,4014
191,"Jackson, Missouri, US",2020-08-10,4083
192,"Jackson, Missouri, US",2020-08-11,4155
193,"Jackson, Missouri, US",2020-08-12,4272
194,"Jackson, Missouri, US",2020-08-13,4363
195,"Jackson, Missouri, US",2020-08-14,4451
196,"Jackson, Missouri, US",2020-08-15,4523
197,"Jackson, Missouri, US",2020-08-16,4560
198,"Jackson, Missouri, US",2020-08-17,4640
199,"Jackson, Missouri, US",2020-08-18,4712
200,"Jackson, Missouri, US",2020-08-19,4758
201,"Jackson, Missouri, US",2020-08-20,4828
202,"Jackson, Missouri, US",2020-08-21,4869
203,"Jackson, Missouri, US",2020-08-22,5005
204,"Jackson, Missouri, US",2020-08-23,5038
205,"Jackson, Missouri, US",2020-08-24,5071
206,"Jackson, Missouri, US",2020-08-25,5116
207,"Jackson, Missouri, US",2020-08-26,5184
208,"Jackson, Missouri, US",2020-08-27,5254
209,"Jackson, Missouri, US",2020-08-28,5324
210,"Jackson, Missouri, US",2020-08-29,5386
211,"Jackson, Missouri, US",2020-08-30,5462
212,"Jackson, Missouri, US",2020-08-31,5521
213,"Jackson, Missouri, US",2020-09-01,5606
214,"Jackson, Missouri, US",2020-09-02,5707
215,"Jackson, Missouri, US",2020-09-03,5773
216,"Jackson, Missouri, US",2020-09-04,5819
217,"Jackson, Missouri, US",2020-09-05,5942
218,"Jackson, Missouri, US",2020-09-06,6002
219,"Jackson, Missouri, US",2020-09-07,6038
220,"Jackson, Missouri, US",2020-09-08,6083
221,"Jackson, Missouri, US",2020-09-09,6168
222,"Jackson, Missouri, US",2020-09-10,6232
223,"Jackson, Missouri, US",2020-09-11,6313
224,"Jackson, Missouri, US",2020-09-12,6407
225,"Jackson, Missouri, US",2020-09-13,6473
226,"Jackson, Missouri, US",2020-09-14,6527
227,"Jackson, Missouri, US",2020-09-15,6609
228,"Jackson, Missouri, US",2020-09-16,6695
229,"Jackson, Missouri, US",2020-09-17,6796
230,"Jackson, Missouri, US",2020-09-18,6912
231,"Jackson, Missouri, US",2020-09-19,6987
232,"Jackson, Missouri, US",2020-09-20,7064
233,"Jackson, Missouri, US",2020-09-21,7064
234,"Jackson, Missouri, US",2020-09-22,7064
235,"Jackson, Missouri, US",2020-09-23,7064
236,"Jackson, Missouri, US",2020-09-24,7064
237,"Jackson, Missouri, US",2020-09-25,7064
238,"Jackson, Missouri, US",2020-09-26,7470
239,"Jackson, Missouri, US",2020-09-27,7512
240,"Jackson, Missouri, US",2020-09-28,7588
241,"Jackson, Missouri, US",2020-09-29,7588
242,"Jackson, Missouri, US",2020-09-30,7588
243,"Jackson, Missouri, US",2020-10-01,7588
244,"Jackson, Missouri, US",2020-10-02,7601
245,"Jackson, Missouri, US",2020-10-03,7601
246,"Jackson, Missouri, US",2020-10-04,7766
247,"Jackson, Missouri, US",2020-10-05,7792
248,"Jackson, Missouri, US",2020-10-06,7850
249,"Jackson, Missouri, US",2020-10-07,7899
250,"Jackson, Missouri, US",2020-10-08,7973
251,"Jackson, Missouri, US",2020-10-09,8069
252,"Jackson, Missouri, US",2020-10-10,8319
253,"Jackson, Missouri, US",2020-10-11,8319
254,"Jackson, Missouri, US",2020-10-12,8319
255,"Jackson, Missouri, US",2020-10-13,8319
256,"Jackson, Missouri, US",2020-10-14,8901
257,"Jackson, Missouri, US",2020-10-15,8977
258,"Jackson, Missouri, US",2020-10-16,9062
259,"Jackson, Missouri, US",2020-10-17,9088
260,"Jackson, Missouri, US",2020-10-18,9174
261,"Jackson, Missouri, US",2020-10-19,9196
262,"Jackson, Missouri, US",2020-10-20,9310
263,"Jackson, Missouri, US",2020-10-21,9384
264,"Jackson, Missouri, US",2020-10-22,9541
265,"Jackson, Missouri, US",2020-10-23,9662
266,"Jackson, Missouri, US",2020-10-24,9765
267,"Jackson, Missouri, US",2020-10-25,9855
268,"Jackson, Missouri, US",2020-10-26,9944
269,"Jackson, Missouri, US",2020-10-27,10033
270,"Jackson, Missouri, US",2020-10-28,10144
271,"Jackson, Missouri, US",2020-10-29,10144
272,"Jackson, Missouri, US",2020-10-30,10365
273,"Jackson, Missouri, US",2020-10-31,10480
274,"Jackson, Missouri, US",2020-11-01,10582
275,"Jackson, Missouri, US",2020-11-02,10777
276,"Jackson, Missouri, US",2020-11-03,10893
277,"Jackson, Missouri, US",2020-11-04,11002
278,"Jackson, Missouri, US",2020-11-05,11224
279,"Jackson, Missouri, US",2020-11-06,11493
280,"Jackson, Missouri, US",2020-11-07,11748
281,"Jackson, Missouri, US",2020-11-08,11979
282,"Jackson, Missouri, US",2020-11-09,12170
283,"Jackson, Missouri, US",2020-11-10,12493
284,"Jackson, Missouri, US",2020-11-11,12717
285,"Jackson, Missouri, US",2020-11-12,12890
286,"Jackson, Missouri, US",2020-11-13,13120
287,"Jackson, Missouri, US",2020-11-14,13748
288,"Jackson, Missouri, US",2020-11-15,13748
289,"Jackson, Missouri, US",2020-11-16,13966
290,"Jackson, Missouri, US",2020-11-17,14380
291,"Jackson, Missouri, US",2020-11-18,14701
292,"Jackson, Missouri, US",2020-11-19,14949
293,"Jackson, Missouri, US",2020-11-20,15213
294,"Jackson, Missouri, US",2020-11-21,15478
295,"Jackson, Missouri, US",2020-11-22,15695
296,"Jackson, Missouri, US",2020-11-23,15920
297,"Jackson, Missouri, US",2020-11-24,16106
298,"Jackson, Missouri, US",2020-11-25,16310
299,"Jackson, Missouri, US",2020-11-26,16601
300,"Jackson, Missouri, US",2020-11-27,16812
301,"Jackson, Missouri, US",2020-11-28,16937
302,"Jackson, Missouri, US",2020-11-29,17136
303,"Jackson, Missouri, US",2020-11-30,17379
304,"Jackson, Missouri, US",2020-12-01,17660
305,"Jackson, Missouri, US",2020-12-02,17812
306,"Jackson, Missouri, US",2020-12-03,18081
307,"Jackson, Missouri, US",2020-12-04,18369
308,"Jackson, Missouri, US",2020-12-05,18654
309,"Jackson, Missouri, US",2020-12-06,18944
310,"Jackson, Missouri, US",2020-12-07,19126
311,"Jackson, Missouri, US",2020-12-08,19335
312,"Jackson, Missouri, US",2020-12-09,19522
313,"Jackson, Missouri, US",2020-12-10,19784
314,"Jackson, Missouri, US",2020-12-11,19924
315,"Jackson, Missouri, US",2020-12-12,20291
316,"Jackson, Missouri, US",2020-12-13,20408
317,"Jackson, Missouri, US",2020-12-14,20584
318,"Jackson, Missouri, US",2020-12-15,20779
319,"Jackson, Missouri, US",2020-12-16,20918
320,"Jackson, Missouri, US",2020-12-17,21082
321,"Jackson, Missouri, US",2020-12-18,21257
322,"Jackson, Missouri, US",2020-12-19,21404
323,"Jackson, Missouri, US",2020-12-20,21519
324,"Jackson, Missouri, US",2020-12-21,21757
325,"Jackson, Missouri, US",2020-12-22,21876
326,"Jackson, Missouri, US",2020-12-23,22116
327,"Jackson, Missouri, US",2020-12-24,22368
328,"Jackson, Missouri, US",2020-12-25,22542
329,"Jackson, Missouri, US",2020-12-26,22654
330,"Jackson, Missouri, US",2020-12-27,22735
331,"Jackson, Missouri, US",2020-12-28,22842
332,"Jackson, Missouri, US",2020-12-29,23016
333,"Jackson, Missouri, US",2020-12-30,23183
334,"Jackson, Missouri, US",2020-12-31,23425
335,"Jackson, Missouri, US",2021-01-01,23679
336,"Jackson, Missouri, US",2021-01-02,23827
337,"Jackson, Missouri, US",2021-01-03,23992
338,"Jackson, Missouri, US",2021-01-04,24069
339,"Jackson, Missouri, US",2021-01-05,24252
340,"Jackson, Missouri, US",2021-01-06,24441
341,"Jackson, Missouri, US",2021-01-07,24721
342,"Jackson, Missouri, US",2021-01-08,24938
343,"Jackson, Missouri, US",2021-01-09,25179
344,"Jackson, Missouri, US",2021-01-10,25384
345,"Jackson, Missouri, US",2021-01-11,25548
346,"Jackson, Missouri, US",2021-01-12,25848
347,"Jackson, Missouri, US",2021-01-13,25970
348,"Jackson, Missouri, US",2021-01-14,26171
349,"Jackson, Missouri, US",2021-01-15,26348
350,"Jackson, Missouri, US",2021-01-16,26508
351,"Jackson, Missouri, US",2021-01-17,26610
352,"Jackson, Missouri, US",2021-01-18,26712
353,"Jackson, Missouri, US",2021-01-19,26775
354,"Jackson, Missouri, US",2021-01-20,26934
355,"Jackson, Missouri, US",2021-01-21,27046
356,"Jackson, Missouri, US",2021-01-22,27169
357,"Jackson, Missouri, US",2021-01-23,27320
358,"Jackson, Missouri, US",2021-01-24,27585
359,"Jackson, Missouri, US",2021-01-25,27634
360,"Jackson, Missouri, US",2021-01-26,27751
361,"Jackson, Missouri, US",2021-01-27,27886
362,"Jackson, Missouri, US",2021-01-28,28001
363,"Jackson, Missouri, US",2021-01-29,28261
364,"Jackson, Missouri, US",2021-01-30,28363
365,"Jackson, Missouri, US",2021-01-31,28420
366,"Jackson, Missouri, US",2021-02-01,28474
367,"Jackson, Missouri, US",2021-02-02,28573
368,"Jackson, Missouri, US",2021-02-03,28660
369,"Jackson, Missouri, US",2021-02-04,28782
370,"Jackson, Missouri, US",2021-02-05,28884
371,"Jackson, Missouri, US",2021-02-06,28972
372,"Jackson, Missouri, US",2021-02-07,29025
373,"Jackson, Missouri, US",2021-02-08,29056
374,"Jackson, Missouri, US",2021-02-09,29160
375,"Jackson, Missouri, US",2021-02-10,29228
376,"Jackson, Missouri, US",2021-02-11,29309
377,"Jackson, Missouri, US",2021-02-12,29388
378,"Jackson, Missouri, US",2021-02-13,29456
379,"Jackson, Missouri, US",2021-02-14,29483
380,"Jackson, Missouri, US",2021-02-15,29495
381,"Jackson, Missouri, US",2021-02-16,29516
382,"Jackson, Missouri, US",2021-02-17,29614
383,"Jackson, Missouri, US",2021-02-18,29741
384,"Jackson, Missouri, US",2021-02-19,29783
385,"Jackson, Missouri, US",2021-02-20,29845
386,"Jackson, Missouri, US",2021-02-21,29875
387,"Jackson, Missouri, US",2021-02-22,29886
388,"Jackson, Missouri, US",2021-02-23,29952
389,"Jackson, Missouri, US",2021-02-24,30008
390,"Jackson, Missouri, US",2021-02-25,30055
391,"Jackson, Missouri, US",2021-02-26,30082
392,"Jackson, Missouri, US",2021-02-27,30116
393,"Jackson, Missouri, US",2021-02-28,30131
394,"Jackson, Missouri, US",2021-03-01,30137
395,"Jackson, Missouri, US",2021-03-02,30173
396,"Jackson, Missouri, US",2021-03-03,30193
397,"Jackson, Missouri, US",2021-03-04,30235
398,"Jackson, Missouri, US",2021-03-05,30257
399,"Jackson, Missouri, US",2021-03-06,30275
400,"Jackson, Missouri, US",2021-03-07,30290
401,"Jackson, Missouri, US",2021-03-08,30301
402,"Jackson, Missouri, US",2021-03-09,30320
403,"Jackson, Missouri, US",2021-03-10,30343
404,"Jackson, Missouri, US",2021-03-11,36504
405,"Jackson, Missouri, US",2021-03-12,36555
406,"Jackson, Missouri, US",2021-03-13,36600
407,"Jackson, Missouri, US",2021-03-14,36626
408,"Jackson, Missouri, US",2021-03-15,36654
409,"Jackson, Missouri, US",2021-03-16,36713
410,"Jackson, Missouri, US",2021-03-17,36766
411,"Jackson, Missouri, US",2021-03-18,36802
412,"Jackson, Missouri, US",2021-03-19,36843
413,"Jackson, Missouri, US",2021-03-20,36890
414,"Jackson, Missouri, US",2021-03-21,36902
415,"Jackson, Missouri, US",2021-03-22,36913
416,"Jackson, Missouri, US",2021-03-23,36949
417,"Jackson, Missouri, US",2021-03-24,36981
418,"Jackson, Missouri, US",2021-03-25,37024
419,"Jackson, Missouri, US",2021-03-26,37069
420,"Jackson, Missouri, US",2021-03-27,37103
421,"Jackson, Missouri, US",2021-03-28,37129
422,"Jackson, Missouri, US",2021-03-29,37141
423,"Jackson, Missouri, US",2021-03-30,37171
424,"Jackson, Missouri, US",2021-03-31,37221
425,"Jackson, Missouri, US",2021-04-01,37270
426,"Jackson, Missouri, US",2021-04-02,37315
427,"Jackson, Missouri, US",2021-04-03,37343
428,"Jackson, Missouri, US",2021-04-04,37366
429,"Jackson, Missouri, US",2021-04-05,37381
430,"Jackson, Missouri, US",2021-04-06,37397
431,"Jackson, Missouri, US",2021-04-07,37456
432,"Jackson, Missouri, US",2021-04-08,37510
433,"Jackson, Missouri, US",2021-04-09,37550
434,"Jackson, Missouri, US",2021-04-10,37585
435,"Jackson, Missouri, US",2021-04-11,37612
436,"Jackson, Missouri, US",2021-04-12,37624
437,"Jackson, Missouri, US",2021-04-13,37677
438,"Jackson, Missouri, US",2021-04-14,37715
439,"Jackson, Missouri, US",2021-04-15,37763
440,"Jackson, Missouri, US",2021-04-16,37815
441,"Jackson, Missouri, US",2021-04-17,36820
442,"Jackson, Missouri, US",2021-04-18,36840
443,"Jackson, Missouri, US",2021-04-19,36879
444,"Jackson, Missouri, US",2021-04-20,36933
445,"Jackson, Missouri, US",2021-04-21,36996
446,"Jackson, Missouri, US",2021-04-22,37060
447,"Jackson, Missouri, US",2021-04-23,37128
448,"Jackson, Missouri, US",2021-04-24,37181
449,"Jackson, Missouri, US",2021-04-25,37217
450,"Jackson, Missouri, US",2021-04-26,37236
451,"Jackson, Missouri, US",2021-04-27,37298
452,"Jackson, Missouri, US",2021-04-28,37369
453,"Jackson, Missouri, US",2021-04-29,37474
454,"Jackson, Missouri, US",2021-04-30,37562
455,"Jackson, Missouri, US",2021-05-01,37618
456,"Jackson, Missouri, US",2021-05-02,37670
457,"Jackson, Missouri, US",2021-05-03,37708
458,"Jackson, Missouri, US",2021-05-04,37755
459,"Jackson, Missouri, US",2021-05-05,37819
460,"Jackson, Missouri, US",2021-05-06,37875
461,"Jackson, Missouri, US",2021-05-07,37937
462,"Jackson, Missouri, US",2021-05-08,37998
463,"Jackson, Missouri, US",2021-05-09,38045
464,"Jackson, Missouri, US",2021-05-10,38067
465,"Jackson, Missouri, US",2021-05-11,38100
466,"Jackson, Missouri, US",2021-05-12,38165
467,"Jackson, Missouri, US",2021-05-13,38220
468,"Jackson, Missouri, US",2021-05-14,38262
469,"Jackson, Missouri, US",2021-05-15,38319
470,"Jackson, Missouri, US",2021-05-16,38348
471,"Jackson, Missouri, US",2021-05-17,38367
472,"Jackson, Missouri, US",2021-05-18,38411
473,"Jackson, Missouri, US",2021-05-19,38446
474,"Jackson, Missouri, US",2021-05-20,38485
475,"Jackson, Missouri, US",2021-05-21,38520
476,"Jackson, Missouri, US",2021-05-22,38545
477,"Jackson, Missouri, US",2021-05-23,38567
478,"Jackson, Missouri, US",2021-05-24,38580
479,"Jackson, Missouri, US",2021-05-25,38610
480,"Jackson, Missouri, US",2021-05-26,38651
481,"Jackson, Missouri, US",2021-05-27,38707
482,"Jackson, Missouri, US",2021-05-28,38735
483,"Jackson, Missouri, US",2021-05-29,38760
484,"Jackson, Missouri, US",2021-05-30,38774
485,"Jackson, Missouri, US",2021-05-31,38781
486,"Jackson, Missouri, US",2021-06-01,38793
487,"Jackson, Missouri, US",2021-06-02,38816
488,"Jackson, Missouri, US",2021-06-03,38860
489,"Jackson, Missouri, US",2021-06-04,38901
490,"Jackson, Missouri, US",2021-06-05,38926
491,"Jackson, Missouri, US",2021-06-06,38901
492,"Jackson, Missouri, US",2021-06-07,38949
493,"Jackson, Missouri, US",2021-06-08,38994
494,"Jackson, Missouri, US",2021-06-09,39030
495,"Jackson, Missouri, US",2021-06-10,39060
496,"Jackson, Missouri, US",2021-06-11,39096
497,"Jackson, Missouri, US",2021-06-12,39112
498,"Jackson, Missouri, US",2021-06-13,39129
499,"Jackson, Missouri, US",2021-06-14,39140
500,"Jackson, Missouri, US",2021-06-15,39157
501,"Jackson, Missouri, US",2021-06-16,39194
502,"Jackson, Missouri, US",2021-06-17,39227
503,"Jackson, Missouri, US",2021-06-18,39273
504,"Jackson, Missouri, US",2021-06-19,39314
505,"Jackson, Missouri, US",2021-06-20,39334
506,"Jackson, Missouri, US",2021-06-21,39362
507,"Jackson, Missouri, US",2021-06-22,39393
508,"Jackson, Missouri, US",2021-06-23,39444
509,"Jackson, Missouri, US",2021-06-24,39500
510,"Jackson, Missouri, US",2021-06-25,39534
511,"Jackson, Missouri, US",2021-06-26,39575
512,"Jackson, Missouri, US",2021-06-27,39609
513,"Jackson, Missouri, US",2021-06-28,39633
514,"Jackson, Missouri, US",2021-06-29,39676
515,"Jackson, Missouri, US",2021-06-30,39728
516,"Jackson, Missouri, US",2021-07-01,39778
517,"Jackson, Missouri, US",2021-07-02,39838
518,"Jackson, Missouri, US",2021-07-03,39847
519,"Jackson, Missouri, US",2021-07-04,39913
520,"Jackson, Missouri, US",2021-07-05,39968
521,"Jackson, Missouri, US",2021-07-06,40008
522,"Jackson, Missouri, US",2021-07-07,40108
523,"Jackson, Missouri, US",2021-07-08,40184
524,"Jackson, Missouri, US",2021-07-09,40289
525,"Jackson, Missouri, US",2021-07-10,40370
526,"Jackson, Missouri, US",2021-07-11,40432
527,"Jackson, Missouri, US",2021-07-12,40444
528,"Jackson, Missouri, US",2021-07-13,40579
529,"Jackson, Missouri, US",2021-07-14,40701
530,"Jackson, Missouri, US",2021-07-15,40873
531,"Jackson, Missouri, US",2021-07-16,41006
532,"Jackson, Missouri, US",2021-07-17,41114
533,"Jackson, Missouri, US",2021-07-18,41214
534,"Jackson, Missouri, US",2021-07-19,41267
535,"Jackson, Missouri, US",2021-07-20,41389
536,"Jackson, Missouri, US",2021-07-21,41553
537,"Jackson, Missouri, US",2021-07-22,41750
538,"Jackson, Missouri, US",2021-07-23,41920
539,"Jackson, Missouri, US",2021-07-24,42123
540,"Jackson, Missouri, US",2021-07-25,42259
541,"Jackson, Missouri, US",2021-07-26,42344
542,"Jackson, Missouri, US",2021-07-27,42484
543,"Jackson, Missouri, US",2021-07-28,42654
544,"Jackson, Missouri, US",2021-07-29,42859
545,"Jackson, Missouri, US",2021-07-30,43233
546,"Jackson, Missouri, US",2021-07-31,43472
547,"Jackson, Missouri, US",2021-08-01,43599
548,"Jackson, Missouri, US",2021-08-02,43684
549,"Jackson, Missouri, US",2021-08-03,43945
550,"Jackson, Missouri, US",2021-08-04,44304
551,"Jackson, Missouri, US",2021-08-05,44647
552,"Jackson, Missouri, US",2021-08-06,44926
553,"Jackson, Missouri, US",2021-08-07,45160
554,"Jackson, Missouri, US",2021-08-08,45331
555,"Jackson, Missouri, US",2021-08-09,45462
556,"Jackson, Missouri, US",2021-08-10,45624
557,"Jackson, Missouri, US",2021-08-11,45939
558,"Jackson, Missouri, US",2021-08-12,46275
559,"Jackson, Missouri, US",2021-08-13,46565
560,"Jackson, Missouri, US",2021-08-14,46768
561,"Jackson, Missouri, US",2021-08-15,46945
562,"Jackson, Missouri, US",2021-08-16,47093
563,"Jackson, Missouri, US",2021-08-17,47224
564,"Jackson, Missouri, US",2021-08-18,47469
565,"Jackson, Missouri, US",2021-08-19,47792
566,"Jackson, Missouri, US",2021-08-20,48016
567,"Jackson, Missouri, US",2021-08-21,48181
568,"Jackson, Missouri, US",2021-08-22,48323
569,"Jackson, Missouri, US",2021-08-23,48459
570,"Jackson, Missouri, US",2021-08-24,48598
571,"Jackson, Missouri, US",2021-08-25,48823
572,"Jackson, Missouri, US",2021-08-26,49042
573,"Jackson, Missouri, US",2021-08-27,49227
574,"Jackson, Missouri, US",2021-08-28,49409
575,"Jackson, Missouri, US",2021-08-29,49538
576,"Jackson, Missouri, US",2021-08-30,49692
577,"Jackson, Missouri, US",2021-08-31,49692
578,"Jackson, Missouri, US",2021-09-01,50073
579,"Jackson, Missouri, US",2021-09-02,50282
580,"Jackson, Missouri, US",2021-09-03,50459
581,"Jackson, Missouri, US",2021-09-04,50620
582,"Jackson, Missouri, US",2021-09-05,50716
583,"Jackson, Missouri, US",2021-09-06,50810
584,"Jackson, Missouri, US",2021-09-07,50870
585,"Jackson, Missouri, US",2021-09-08,51048
586,"Jackson, Missouri, US",2021-09-09,51182
587,"Jackson, Missouri, US",2021-09-10,51405
588,"Jackson, Missouri, US",2021-09-11,51567
589,"Jackson, Missouri, US",2021-09-12,51712
590,"Jackson, Missouri, US",2021-09-13,51796
591,"Jackson, Missouri, US",2021-09-14,51902
592,"Jackson, Missouri, US",2021-09-15,52076
593,"Jackson, Missouri, US",2021-09-16,52246
594,"Jackson, Missouri, US",2021-09-17,52368
595,"Jackson, Missouri, US",2021-09-18,52519
596,"Jackson, Missouri, US",2021-09-19,52622
597,"Jackson, Missouri, US",2021-09-20,52689
598,"Jackson, Missouri, US",2021-09-21,52820
599,"Jackson, Missouri, US",2021-09-22,52931
600,"Jackson, Missouri, US",2021-09-23,53057
601,"Jackson, Missouri, US",2021-09-24,53173
602,"Jackson, Missouri, US",2021-09-25,53281
603,"Jackson, Missouri, US",2021-09-26,53357
604,"Jackson, Missouri, US",2021-09-27,53416
605,"Jackson, Missouri, US",2021-09-28,53497
606,"Jackson, Missouri, US",2021-09-29,53634
607,"Jackson, Missouri, US",2021-09-30,53754
608,"Jackson, Missouri, US",2021-10-01,53940
